var	rel.inf
age	17.40235784926294
education_level	14.703867983970257
had_covid	11.866254464577978
income	4.75295869237093
eating_indoors_restaurants	3.6164518358462114
difficulty_with_expenses	3.599645049579424
work_from_home	2.932942165526529
anxious	2.8349913080440587
building_type	2.6754103180681517
race	2.4841590879005073
