var	rel.inf
age	17.056206413911738
education_level	13.906615721117818
had_covid	11.599753605244532
income	5.419876369966379
eating_indoors_restaurants	3.8297909723448793
difficulty_with_expenses	3.7488304830062025
anxious	3.1996715333676438
building_type	2.740730512266262
race	2.5796183667020802
prescription_mental_health	2.1796799799390283
