feature	coefficient
age	-0.4471533250700283
education_level7	-0.3060579476269873
had_covid2	-0.27945708819618914
education_level6	-0.17850574076149767
eating_indoors_restaurants2	-0.17416655365766037
number_kids_household	0.15938378232725298
race3	-0.1583038411777368
difficulty_with_expenses1	-0.12839063565173853
income8	-0.12566583971859896
prescription_mental_health1	-0.12145564482474648
