feature	coefficient
age	-0.32788113816451575
education_level7	-0.20912387938751714
had_covid2	-0.17818274337485368
had_covid1	0.1596389531099512
race3	-0.11557319622366084
eating_indoors_restaurants2	-0.11395056660386153
income8	-0.10986529188226195
education_level3	0.10925908940203317
difficulty_with_expenses1	-0.10852669727663448
eating_indoors_restaurants1	0.10025401835809927
