feature	coefficient
age	-0.43830545437656954
education_level7	-0.30366096016142635
had_covid2	-0.29224975832155664
education_level6	-0.17535771585503937
eating_indoors_restaurants2	-0.16718734070659685
number_kids_household	0.15823769601165602
race3	-0.147430780817699
prescription_mental_health1	-0.12879007046669763
difficulty_with_expenses1	-0.12436062313455318
income8	-0.11578232100021763
