feature	coefficient
age	-0.4415544778173219
had_covid2	-0.35398661498726974
education_level7	-0.30376039126298177
eating_indoors_restaurants2	-0.19350971605666126
education_level6	-0.17174452019034048
prescription_mental_health1	-0.15399099059625845
race3	-0.12473926654595982
difficulty_with_expenses1	-0.11911324489469749
kids1	0.0936959690270932
income8	-0.0886618207986039
