feature	coefficient
age	-0.4448003511816324
had_covid2	-0.35829574057327623
education_level7	-0.3093470107150431
eating_indoors_restaurants2	-0.19747963607336233
education_level6	-0.1780239266303108
prescription_mental_health1	-0.1602272284592117
number_kids_household	0.15897411478092313
race3	-0.13823679067800937
difficulty_with_expenses1	-0.1225152083145821
income8	-0.10510900221696413
