Method	Misclassification Error	False Positive Rate	False Negative Rate
Logistic	0.2482893450635386	0.16469661150512213	0.38481338481338484
Ridge	0.26344086021505375	0.13238770685579196	0.4774774774774775
LASSO	0.2624633431085044	0.14893617021276595	0.44787644787644787
Elastic Net	0.29521016617790813	0.07092198581560284	0.6615186615186616
Decision Tree	0.31671554252199413	0.2631993695823483	0.4041184041184041
Boosted	0.25268817204301075	0.17100078802206461	0.3861003861003861
