feature	coefficient
age	-0.15408431397460765
had_covid2	-0.1325590185614945
had_covid1	0.12811910521101677
education_level7	-0.1276608220179063
education_level3	0.09008011565294775
eating_indoors_restaurants2	-0.08235230362077098
income8	-0.08206459120193886
eating_indoors_restaurants1	0.08157210357911975
race3	-0.0743329291684262
difficulty_with_expenses1	-0.07324161530213977
